Id,SalePrice_USD,SalePrice_TND
1461,123106.82218288956,358240.85255220864
1462,154666.25085963216,450078.7900015296
1463,187555.52122388687,545786.5667615108
1464,193076.59678586246,561852.8966468598
1465,212981.51748922328,619776.2158936397
1466,170919.0138689396,497374.3303586143
1467,178430.55118687404,519232.90395380347
1468,154425.72718797484,449378.8661170068
1469,209359.28554377332,609235.5209323803
1470,118324.58965688245,344324.5559015279
1471,153097.6161371027,445514.0629589689
1472,101596.0545460917,295644.5187291269
1473,96919.76831961563,282036.5258100815
1474,147367.7669777586,428840.20190527756
1475,104128.11439666105,303012.8128942837
1476,370735.5559157734,1078840.4677149006
1477,261942.66059955955,762253.1423447183
1478,312296.9291250082,908784.0637537738
1479,303424.684209852,882965.8310506694
1480,486673.5608932818,1416220.06219945
1481,307904.1867374326,896001.1834059289
1482,201031.13612411823,585000.6061211841
1483,174173.01207186515,506843.4651291276
1484,160692.11672940291,467614.0596825625
1485,176663.81435742835,514091.6997801165
1486,187765.75938533107,546398.3598113135
1487,335982.2186389775,977708.2562394246
1488,232040.4097524006,675237.5923794857
1489,203935.02857471956,593450.933152434
1490,254851.5201349156,741617.9235926045
1491,195414.42193517834,568655.967831369
1492,98036.02995963627,285284.84718254156
1493,200264.64001856092,582770.1024540123
1494,294971.149384846,858366.0447099018
1495,284253.40733343875,827177.4153403068
1496,241494.80550304567,702749.8840138629
1497,174055.6386940279,506501.9085996212
1498,171188.3159971875,498157.9995518157
1499,162153.42496463796,471866.4666470965
1500,148936.77292066766,433406.0091991429
1501,193441.91911228932,562915.9846167619
1502,130122.54148190236,378656.5957123359
1503,373162.93801139155,1085904.1496131495
1504,235984.07636006828,686713.6622077987
1505,226212.6943948511,658278.9406890167
1506,187241.9114734442,544873.9623877227
1507,258840.85717919515,753226.8943914579
1508,202252.95219279313,588556.0908810281
1509,151061.93777530175,439590.2389261281
1510,142396.48538340116,414373.7724656974
1511,158861.58933182107,462287.22495559935
1512,168356.00705739344,489915.9805370149
1513,150950.46931200614,439265.8656979379
1514,175667.23174624937,511191.6443815857
1515,198371.10809072293,577259.9245440038
1516,154972.72648037178,450970.6340578819
1517,180935.83159035118,526523.2699279219
1518,118927.14749967912,346077.99922406627
1519,223558.86678215442,650556.3023360694
1520,120783.18526070705,351479.06910865754
1521,132921.73684871523,386802.2542297613
1522,185654.20767651126,540253.7443386478
1523,110096.14107717155,320379.7705345692
1524,118415.53267173748,344589.2000747561
1525,119954.82894751336,349068.5522372639
1526,109509.72659303388,318673.3043857286
1527,101994.3386233435,296803.5253939296
1528,133336.14536202932,388008.18300350534
1529,159873.47319558263,465231.8069991455
1530,208593.9108691425,607008.2806292047
1531,131508.910759415,382690.9303098977
1532,94918.33461966133,276212.35374321445
1533,157326.9674499398,457821.47527932486
1534,132241.2209449308,384821.95294974867
1535,147943.92442368576,430516.8200729256
1536,95736.79967713449,278594.0870604614
1537,54460.77289857995,158480.84913486766
1538,149454.86060880078,434913.6443716103
1539,202126.42543867184,588187.898026535
1540,117017.403573466,340520.64439878607
1541,142290.295034152,414064.7585493823
1542,173302.1331416238,504309.2074421253
1543,189484.29954389296,551399.3116727285
1544,77368.97370222397,225143.71347347175
1545,120116.08587849466,349537.8099064195
1546,138863.09829428,404091.61603635486
1547,139458.46034415392,405824.11960148794
1548,152025.92054911237,442395.42879791703
1549,120381.12833401794,350309.0834519922
1550,145299.61294461694,422821.8736688353
1551,106199.44365210645,309040.3810276298
1552,156962.07899394864,456759.64987239055
1553,163812.16846857965,476693.4102435668
1554,114275.49615434138,332541.69380913343
1555,159412.41477413243,463890.12699272536
1556,64151.642247818876,186681.27894115294
1557,136583.2164029153,397457.15973248356
1558,103662.38439872442,301657.5386002881
1559,75761.71684147045,220466.59600867901
1560,117893.31207963219,343069.5381517297
1561,133487.66155593516,388449.0951277713
1562,132294.94551404333,384978.2914458661
1563,124569.99735546159,362498.6923043932
1564,152043.8573183352,442447.6247963555
1565,157599.7348087672,458615.2282935126
1566,235770.18455178337,686091.2370456896
1567,75920.06335425144,220927.3843608717
1568,227657.0765702678,662482.0928194793
1569,139576.0879954216,406166.4160666769
1570,127823.3612247794,371965.98116410803
1571,95917.09145210357,279118.7361256214
1572,144563.10460765427,420678.63440827397
1573,275618.66244580224,802050.3077172845
1574,136666.50417472655,397699.5271484543
1575,230360.61890529748,670349.4010144157
1576,227475.31077421922,661953.154352978
1577,183362.14819765696,533583.8512551818
1578,150635.01775458455,438347.90166584105
1579,133773.9324030243,389282.1432928007
1580,191511.22152472055,557297.6546369368
1581,160382.65485282382,466713.52562171733
1582,135350.7570519424,393870.7030211524
1583,285979.4708043663,832200.2600407059
1584,223022.798317092,648996.3431027378
1585,132772.66200960893,386368.446447962
1586,78441.09164648736,228263.57669127823
1587,116897.22287522769,340170.9185669126
1588,163291.54298265884,475178.39007953723
1589,99071.87828719895,288299.165815749
1590,123129.7335864259,358307.52473649936
1591,93627.6679036715,272456.5135996841
1592,128699.04186226288,374514.211819185
1593,126254.0140641341,367399.1809266303
1594,151316.01157106087,440329.5936717871
1595,112449.50464653363,327228.0585214129
1596,229819.1738560726,668773.7959211713
1597,196228.61722106533,571025.2761133001
1598,204999.23238561256,596547.7662421325
1599,191852.1394831785,558289.7258960494
1600,171062.32595221,497791.3685209311
1601,44416.013167672325,129250.59831792647
1602,136819.8394731665,398145.73286691454
1603,64579.52330219885,187926.41280939867
1604,273271.49445379013,795220.0488605293
1605,225497.14172955323,656196.682433
1606,148867.1049359003,433203.2753634699
1607,159908.52268138016,465333.8010028163
1608,200355.77175103407,583035.2957955091
1609,190127.656592316,553271.4806836395
1610,147901.75237621553,430394.0994147872
1611,132726.73249237565,386234.79155281314
1612,187682.45144130336,546155.9336941928
1613,167071.18851654092,486177.1585831341
1614,128077.62361885468,372705.8847308671
1615,91123.32237862982,265168.86812181276
1616,68302.28657714045,198759.6539394787
1617,82629.69321152335,240452.40724553296
1618,132611.4833865869,385899.4166549679
1619,144478.59489302197,420432.71113869397
1620,182986.16142645152,532489.729750974
1621,134078.3585049999,390168.02324954973
1622,144388.48491298268,420170.4910967796
1623,250902.80710610794,730127.1686787741
1624,200600.96716096066,583748.8144383956
1625,118623.03091079602,345193.01995041646
1626,169683.4638806344,493778.8798926461
1627,189727.77094987826,552107.8134641458
1628,270864.2139163064,788214.8624964516
1629,174099.64376018476,506629.9633421377
1630,359215.82015996426,1045318.0366654961
1631,256386.84860724118,746085.7294470719
1632,246950.79320363607,718626.808222581
1633,170476.20736591425,496085.7634348105
1634,181258.84782331623,527463.2471658502
1635,172227.9907534928,501183.4530926641
1636,150887.65045400523,439083.06282115524
1637,209782.60169950966,610467.3709455731
1638,182102.01263991138,529916.8567821422
1639,182048.63223038148,529761.5197904102
1640,233347.08058918966,679040.004514542
1641,178904.93858375726,520613.37127873366
1642,251401.04438794218,731577.0391689118
1643,221638.21095946664,644967.193892048
1644,232710.43893516995,677187.3773013445
1645,219402.49895463744,638461.271957995
1646,154711.78614146728,450211.2976716698
1647,154756.82342795283,450342.35617534275
1648,126848.53486191714,369129.2364481789
1649,126262.37153929053,367423.50117933546
1650,107960.68798737228,314165.60204325337
1651,115453.34999052342,335969.2484724232
1652,99110.66422026837,288412.032880981
1653,98956.2269426356,287962.62040306965
1654,143840.19254497206,418574.9603058687
1655,119397.85251524905,347447.75081937475
1656,142331.92570572346,414185.9038036553
1657,153251.2808633158,445961.227312249
1658,145018.7505069808,422004.5639753142
1659,124622.6936950162,362652.03865249717
1660,150769.3539898689,438738.8201105185
1661,435447.14613967016,1267151.1952664403
1662,379173.52665004414,1103394.9625516285
1663,384684.7282992867,1119432.5593509243
1664,520211.04016913846,1513814.126892193
1665,334766.6200597328,974170.8643738226
1666,316680.67856665654,921540.7746289705
1667,373725.4717546692,1087541.1228060874
1668,355740.9179308852,1035206.071178876
1669,307811.26987751387,895730.7953435654
1670,360305.1481860797,1048487.9812214919
1671,268722.5370784756,781982.5828983639
1672,405397.25904347794,1179706.0238165208
1673,286322.3491744688,833198.0360977042
1674,250065.37494971137,727690.2411036601
1675,198062.46214094898,576361.7648301616
1676,202661.41785808047,589744.7259670142
1677,212221.20899959374,617563.7181888178
1678,477968.2509683315,1390887.6103178447
1679,378211.97071072226,1100596.834768202
1680,337402.80945701245,981842.1755199063
1681,277990.66955780983,808952.8484132267
1682,318657.8143613972,927294.2397916658
1683,190049.80402030656,553044.9296990922
1684,168005.50116272457,488896.0083835285
1685,165656.5132571333,482060.45357825793
1686,159969.84671986382,465512.25395480375
1687,158607.88331108075,461548.940435245
1688,181232.9340673564,527387.8381360072
1689,186028.98643055884,541344.3505129262
1690,185607.24121964443,540117.0719491653
1691,177046.22674764693,515204.5198356526
1692,254071.66948657297,739348.5582059274
1693,171603.0669652475,499364.92486887024
1694,179499.88617134048,522344.66875860083
1695,167284.0069243051,486796.4601497279
1696,269864.71826150594,785306.3301409823
1697,172277.86025366746,501328.57333817234
1698,333338.49668311886,970015.0253478759
1699,317772.6995196324,924718.5556021302
1700,267972.92805992905,779801.2206543935
1701,276538.88505658973,804728.1555146761
1702,241945.2722404953,704060.7422198413
1703,230638.93554212106,671159.3024275723
1704,267178.5794572942,777489.6662207261
1705,237745.1797791617,691838.4731573606
1706,185183.8357231901,538884.9619544832
1707,231862.98515523924,674721.2868017462
1708,204983.77997956937,596502.7997405468
1709,250225.03349714028,728154.8474766782
1710,222032.6448968118,646114.9966497223
1711,265084.58161629457,771396.1325034172
1712,250743.8775399928,729664.6836413791
1713,277127.0218179822,806439.6334903282
1714,229603.09107647045,668144.995032529
1715,209027.8313530921,608270.989237498
1716,182487.68313609296,531039.1579260306
1717,168955.5586279272,491660.67560726823
1718,151473.40976714948,440787.622422405
1719,218779.76695888722,636649.1218503618
1720,243006.34630309278,707148.467742
1721,147072.34220519662,427980.5158171222
1722,117546.6657955437,342060.7974650322
1723,147949.46162844636,430532.9333387789
1724,215132.20202380838,626034.7078892824
1725,240527.32966911932,699934.5293371372
1726,184867.51606726926,537964.4717557536
1727,144964.94353180192,421847.9856775436
1728,149482.76460360643,434994.8449964947
1729,172047.23004744854,500657.4394380753
1730,153759.36780605,447439.7603156055
1731,103592.27973710746,301453.53403498273
1732,130846.04645204358,380761.99517544685
1733,110431.59489983553,321355.9411585214
1734,133605.43794419896,388791.824417619
1735,95207.07462330395,277052.5871538145
1736,88986.36915093102,258950.33422920926
1737,304828.1699065007,887049.9744279172
1738,261742.50714022992,761670.6957780691
1739,248490.62056747638,723107.7058513563
1740,216068.85797808133,628760.3767162167
1741,189775.18746689847,552245.7955286746
1742,174599.54065799713,508084.66331477166
1743,167459.37150481855,487306.77107902203
1744,362012.5270991619,1053456.453858561
1745,243397.69089162722,708287.2804946352
1746,192755.9176600054,560919.7203906158
1747,224779.5825043316,654108.5850876049
1748,223842.72268921277,651382.3230256091
1749,136115.75197369466,396096.8382434515
1750,132339.05511816125,385106.65039384924
1751,233053.09860121133,678184.516929525
1752,107440.68850971479,312652.40356327005
1753,155474.9489746103,452432.101516116
1754,194272.9118129299,565334.1733756261
1755,167877.8478039056,488524.53710936534
1756,137055.2878338541,398830.8875965154
1757,111814.60555658396,325380.50216965936
1758,144204.0453156163,419633.77186844347
1759,156212.27962580556,454577.7337110942
1760,169218.14885391528,492424.8131648935
1761,156117.97117619868,454303.2961227382
1762,188511.89108239114,548569.6030497582
1763,176805.54708594596,514504.14202010276
1764,114375.53917701356,332832.8190051095
1765,189510.47693444928,551475.4878792474
1766,185843.23630455043,540803.8176462417
1767,229223.95188539987,667041.6999865137
1768,140614.38226104574,409187.8523796431
1769,157145.89845157368,457294.56449407944
1770,149013.12287122477,433628.1875552641
1771,132352.981271551,385147.1755002134
1772,136830.29081058083,398176.1462587902
1773,111473.98980509024,324389.3103328126
1774,151074.81831252854,439627.7212894581
1775,139400.6940499181,405656.01968526165
1776,125915.40340665309,366413.8239133605
1777,109693.19342413917,319207.192864245
1778,146033.04228716204,424956.15305564157
1779,133723.79115595948,389136.23226384213
1780,152130.7023242293,442700.34376350726
1781,122470.85884509748,356390.1992392337
1782,67025.79694906948,195045.0691217922
1783,142033.01927462686,413316.0860891642
1784,96888.78243859345,281946.35689630697
1785,128909.24804226775,375125.91180299915
1786,156518.90337806148,455470.008830159
1787,143295.66532688448,416990.3861012339
1788,53447.18188185617,155531.29927620146
1789,96500.91638252325,280817.6666731427
1790,57431.862324306276,167126.71936373127
1791,193598.05902969744,563370.3517764196
1792,170837.1331670843,497136.05751621537
1793,127633.85967043322,371414.53164096066
1794,160656.03354557278,467509.0576176168
1795,127756.93224551482,371772.67283444817
1796,147248.0112336604,428491.71268995176
1797,121576.16039590165,353786.6267520738
1798,130740.27245428087,380454.1928419574
1799,94084.90327536967,273787.0685313257
1800,122327.6772352308,355973.5407545217
1801,123392.37889910908,359071.82259640744
1802,125128.93864345038,364125.21145244065
1803,158766.53141542897,462010.60641889833
1804,113377.67035113601,329929.0207218058
1805,126721.10534355557,368758.4165497467
1806,129934.39604708273,378109.0924970108
1807,133234.1105346931,387711.261655957
1808,120626.33887180453,351022.6461169512
1809,128258.63507814799,373232.6280774106
1810,139071.0262312186,404696.6863328461
1811,159674.28737651045,464652.1762656454
1812,113916.73167463066,331497.68917317525
1813,139861.51409764588,406997.00602414954
1814,109498.35715961782,318640.21933448786
1815,53471.58267498622,155602.3055842099
1816,109880.31113521243,319751.70540346816
1817,115355.98359714588,335685.91226769454
1818,161877.10178290447,471062.36618825205
1819,146802.28897476383,427194.6609165628
1820,38813.76641964726,112948.06028117353
1821,109899.68465359882,319808.08234197256
1822,157482.94777648058,458275.3780295585
1823,36000.660846118815,104761.92306220575
1824,126970.06833758345,369482.89886236785
1825,142774.13438483747,415472.731059877
1826,109953.98178303475,319966.0869886311
1827,110573.9659132855,321770.2408076608
1828,141403.94438769948,411485.4781682055
1829,131217.382650577,381842.5835131791
1830,153001.19530537352,445233.478338637
1831,159502.14084150502,464151.2298487796
1832,-623.9461301541887,-1815.6832387486893
1833,138242.68190738233,402286.2043504826
1834,121686.05789017398,354106.4284604063
1835,127859.43311343295,372070.9503600899
1836,130791.63260514429,380603.6508809699
1837,82083.94410203584,238864.27733692428
1838,122730.73029953521,357146.42517164745
1839,123060.27461664611,358105.39913444023
1840,174224.23032423714,506992.5102435301
1841,121291.8139114785,352959.17848240247
1842,70498.02211227687,205149.2443467257
1843,141326.913566167,411261.318477546
1844,139727.14319268288,406605.9866907072
1845,150468.45151195023,437863.1938997752
1846,156166.91516702203,454445.72313603415
1847,165418.37062625075,481367.4585223897
1848,46349.308137315325,134876.4866795876
1849,104306.20361983124,303531.0525337089
1850,110049.75579704857,320244.78936941136
1851,139082.15705234697,404729.07702232973
1852,102539.90220428118,298391.11541445827
1853,112088.69987798203,326178.1166449277
1854,166612.19085983047,484841.4754021067
1855,148738.97893751832,432830.42870817834
1856,219101.74521544995,637586.0785769594
1857,136545.43261291133,397347.208903572
1858,160508.33799942723,467079.26357833325
1859,116277.07805412076,338366.29713749146
1860,159870.5449868599,465223.28591176233
1861,121449.13430338493,353416.98082285014
1862,287552.05492517306,836776.4798322537
1863,276215.47147748154,803787.0219994714
1864,276242.7736618207,803866.4713558982
1865,367164.89956428343,1068449.8577320648
1866,344597.7827302329,1002779.5477449779
1867,215250.44333866704,626378.7901155212
1868,286210.57662154734,832872.7779687028
1869,207478.8175172126,603763.3589750887
1870,217648.49637327623,633357.1244462339
1871,259575.61350318277,755365.0352942619
1872,166908.28521356639,485703.10997147823
1873,250925.50037965784,730193.2061048043
1874,148987.3225379493,433553.1085854325
1875,193353.65579708572,562659.1383695195
1876,202468.56087513315,589183.5121466374
1877,209575.91547413822,609865.9140297422
1878,201334.56621544668,585883.5876869499
1879,142629.13019005163,415050.76885305025
1880,130142.47979835374,378714.6162132094
1881,249971.48180002486,727417.0120380723
1882,232854.58608289482,677606.8455012239
1883,186108.3265652191,541575.2303047876
1884,203120.478831694,591080.5934002296
1885,220698.34979255497,642232.197896335
1886,286271.6470871358,833050.4930235653
1887,218739.0120775611,636530.5251457029
1888,258248.3641846534,751502.7397773414
1889,164616.18798674596,479033.1070414308
1890,95511.33332682773,277937.9799810687
1891,97033.31393730873,282366.9435575684
1892,112166.18101946497,326403.5867666431
1893,131172.16136036906,381710.989558674
1894,113570.41754403524,330489.9150531426
1895,133174.01819854742,387536.392957773
1896,126105.19336037803,366966.1126787001
1897,118707.0104305353,345437.4003528577
1898,97844.5647907788,284727.6835411663
1899,165894.46633361652,482752.8970308241
1900,153348.06900921278,446242.8808168092
1901,193208.6279733274,562237.1074023828
1902,184971.91604493512,538268.2756907613
1903,208209.23191417614,605888.8648702526
1904,171256.3256426407,498355.9076200845
1905,189955.5468450049,552770.6413189643
1906,163821.58596423734,476720.8151559307
1907,226190.3184656594,658213.8267350689
1908,112534.70671527414,327475.99654144776
1909,131333.1581878909,382179.4903267625
1910,126028.64134218777,366743.34630576643
1911,223541.18872840283,650504.8591996523
1912,319021.0446140631,928351.2398269237
1913,164388.03250255203,478369.17458242644
1914,38526.44463060796,112111.95387506917
1915,346307.41894605383,1007754.5891330166
1916,27332.18855046155,79536.66868184312
1917,224866.35008954257,654361.0787605689
1918,134222.54690419743,390587.61149121454
1919,153465.45931897173,446584.48661820777
1920,166491.10453223344,484489.11418879934
1921,390086.2702036579,1135151.0462926447
1922,354364.52699365,1031200.7735515216
1923,238141.23417822132,692990.991458624
1924,226899.81707449118,660278.4676867693
1925,200969.9427342778,584822.5333567484
1926,390964.0289482386,1137705.3242393744
1927,128031.48092943104,372571.60950464435
1928,160789.60071656993,467897.73808521853
1929,111160.44380630925,323476.8914763599
1930,120282.18462114735,350021.1572475388
1931,128683.9431645642,374470.27460888185
1932,132601.45712453686,385870.2402324023
1933,201850.2086193408,587384.1070822817
1934,185132.44277510652,538735.40847556
1935,167356.12188364705,487006.31468141294
1936,205772.0571836615,598796.686404455
1937,178991.65499295993,520865.7160295134
1938,167707.43310440937,488028.6303338313
1939,285600.1769754845,831096.5149986598
1940,210113.7572071678,611431.0334728584
1941,169570.52327251015,493450.2227230046
1942,152357.32476909366,443359.81507806253
1943,240930.58703387808,701108.0082685852
1944,378738.2087792768,1102128.1875476956
1945,419447.10780509096,1220591.0837128148
1946,145737.15195826022,424095.1121985373
1947,131436.81810294092,382481.1406795581
1948,190726.11796273012,555013.0032715447
1949,235681.3735527955,685832.7970386349
1950,176843.56588126952,514614.77671449434
1951,247727.2477740501,720886.2910224858
1952,199561.5845473376,580724.2110327525
1953,183404.93827088876,533708.3703682863
1954,179126.99481104733,521259.5549001478
1955,123700.53240819834,359968.5493078572
1956,301656.89119883394,877821.5533886068
1957,156036.4978639353,454066.20878405176
1958,240597.53877285589,700138.8378290107
1959,124530.1204622765,362382.65054522466
1960,96086.79829666298,279612.58304328925
1961,123293.88418316375,358785.2029730065
1962,96912.22458085837,282014.57353029784
1963,109916.36932280893,319856.63472937397
1964,106667.70477084583,310403.0208831614
1965,132217.5148731037,384752.9682807318
1966,139981.2597226589,407345.46579293744
1967,315793.8432005602,918960.0837136302
1968,402911.82346546464,1172473.4062845022
1969,389977.21743872296,1134833.702746684
1970,395933.70793994796,1152167.0901052486
1971,455196.59484933177,1324622.0910115554
1972,371489.55108169373,1081034.593647729
1973,289421.81764082005,842217.4893347864
1974,335325.33544342685,975796.7261403722
1975,-1879351.2846475015,-5468912.23832423
1976,281246.4431569525,818427.1495867318
1977,369071.4188537877,1073997.8288645223
1978,343042.6307660192,998254.055529116
1979,320317.9426356079,932125.213069619
1980,200799.4313836163,584326.3453263234
1981,359139.74399859086,1045096.6550358995
1982,212861.75750114862,619427.7143283425
1983,198510.63548928918,577665.9492738316
1984,177012.4314988344,515106.1756616081
1985,231869.2596127228,674739.5454730233
1986,213508.15604441753,621308.734089255
1987,208570.0529216677,606938.854002053
1988,165414.3101063557,481355.6424094951
1989,184440.11188307824,536720.7255797577
1990,204136.23471158976,594036.4430107262
1991,226485.95559372474,659074.130777739
1992,223495.3423952181,650371.4463700847
1993,168048.13708831836,489020.07892700646
1994,233740.5492764488,680184.998394466
1995,182162.637577842,530093.2753515202
1996,282401.8251700192,821789.3112447559
1997,309825.8478321857,901593.2171916604
1998,316685.62981747044,921555.1827688391
1999,305678.57996133063,889524.6676874722
2000,314263.58401830913,914507.0294932796
2001,278156.36741959956,809435.0291910347
2002,248411.56788902404,722877.66255706
2003,239769.80275924923,697730.1260294153
2004,276063.77324439073,803345.580141177
2005,225735.96739455545,656891.6651181564
2006,223167.33193810377,649416.9359398821
2007,240118.2792105279,698744.1925026362
2008,237157.05158364493,690127.0201084068
2009,203717.62972955685,592818.3025130105
2010,189490.49497805443,551417.3403861384
2011,128920.52220398933,375158.71961360896
2012,173718.01915233023,505519.435733281
2013,175867.58844890678,511774.68238631875
2014,183849.23978111893,535001.2877630561
2015,216517.71805944527,630066.5595529857
2016,194377.4597301199,565638.4078146489
2017,194487.99418077478,565960.0630660546
2018,98590.60918492544,286898.67272813304
2019,141596.66408523638,412046.2924880379
2020,75813.93662615679,220618.55558211627
2021,86539.29662610963,251829.35318197904
2022,217468.66567186825,632833.8171051367
2023,144309.8583997977,419941.6879434113
2024,278556.5766184502,810599.6379596902
2025,349784.23388849106,1017872.120615509
2026,166634.81863107393,484907.32221642515
2027,153750.03960552253,447412.6152520706
2028,155916.49847849598,453717.01057242334
2029,173704.1989396927,505479.2189145058
2030,249619.9134458294,726393.9481273636
2031,229559.57374770008,668018.3596058072
2032,250222.2654519193,728146.7924650852
2033,241555.47714310465,702926.4384864345
2034,174723.1110934061,508444.2532818118
2035,237013.99535263702,689710.7264761737
2036,199532.22599403746,580638.777642649
2037,218504.9324724162,635849.3534947311
2038,318965.6494166893,928190.0398025659
2039,238727.72109958623,694697.668399796
2040,337271.0555692706,981458.7717065776
2041,327095.2264786116,951847.1090527597
2042,213926.09919613553,622524.9486607545
2043,177473.89119702112,516449.0233833315
2044,181726.55480805459,528824.2744914389
2045,200968.4757387815,584818.2643998542
2046,151168.25971944863,439899.63578359556
2047,137216.90527661098,399301.194354938
2048,138529.12100573257,403119.7421266818
2049,133068.28141010087,387228.6989033935
2050,158836.22329535242,462213.40978947555
2051,93243.00058432668,271337.13170039066
2052,113948.47396235494,331590.05923045287
2053,143889.24933066498,418717.71555223514
2054,92786.07976255473,270007.49210903427
2055,169025.4386727931,491864.0265378279
2056,127744.67930309894,371737.01677201793
2057,94032.37369704107,273634.2074583895
2058,210010.2726758113,611129.893486611
2059,126526.49126296723,368192.0895752347
2060,185313.64882441005,539262.7180790333
2061,171718.0024433746,499699.3871102201
2062,124461.16129883379,362181.9793796063
2063,108024.5038901656,314351.3063203819
2064,136446.99594639335,397060.75820400467
2065,60177.700959488284,175117.10979211092
2066,162798.2230046615,473742.82894356496
2067,99088.05647250684,288346.24433499493
2068,150441.21110361256,437783.92431151256
2069,71784.91711698752,208894.10881043368
2070,110131.9561498519,320483.99239606905
2071,91139.45258029364,265215.8070086545
2072,148585.25177905243,432383.0826770426
2073,110637.02147267619,321953.7324854877
2074,190407.35767744528,554085.4108413658
2075,180844.20889131818,526256.647873736
2076,125273.67039066926,364546.38083684753
2077,167134.70596094942,486361.99434636283
2078,130502.35208725184,379761.8445739029
2079,123894.20053800149,360532.12356558436
2080,120377.4900456788,350298.4960329253
2081,125682.63454453275,365736.46652459033
2082,135756.4549206444,395051.28381907527
2083,152240.80257943505,443020.73550615605
2084,104143.84832086647,303058.59861372143
2085,116199.78603246948,338141.3773544862
2086,99826.48730041506,290495.0780442078
2087,112291.52730820095,326768.3444668648
2088,105102.4708656366,305848.19021900254
2089,76412.92385688238,222361.60842352774
2090,124556.63710232219,362459.81396775757
2091,119440.8587277229,347572.89889767364
2092,121256.20731530478,352855.5632875369
2093,133954.91116026556,389808.7914763728
2094,128847.54362213984,374946.351940427
2095,174354.62533509918,507371.9597251386
2096,74454.02520079399,216661.2133343105
2097,97686.32900906447,284267.2174163776
2098,158559.03459807113,461406.790680387
2099,29327.13438283233,85341.96105404208
2100,44840.73529312154,130486.53970298369
2101,114695.75475540617,333764.646338232
2102,114149.29727432784,332174.455068294
2103,97741.46671397705,284427.66813767323
2104,119347.87639695453,347302.3203151377
2105,142658.34467395814,415135.7830012182
2106,55641.36278868234,161916.36571506562
2107,176787.09756835457,514450.45392391185
2108,122970.65822093142,357844.6154229104
2109,112624.52578339493,327737.37002967927
2110,110130.3572673644,320479.3396480304
2111,146700.83403921127,426899.4270541048
2112,137417.1091528195,399883.7876347047
2113,125182.79806560092,364281.9423708987
2114,124224.24738846021,361492.5599004192
2115,167215.47626589052,486597.0359337414
2116,123513.11584274285,359423.1671023817
2117,161090.67934020422,468773.8768799943
2118,120720.05440687947,351295.3583240193
2119,122471.11799802724,356390.9533742593
2120,113401.09574412135,329997.1886153932
2121,125037.40209875768,363858.8401073849
2122,118934.959297969,346100.73155708984
2123,90036.78668641066,262007.04925745504
2124,174254.93251144048,507081.8536082918
2125,126071.7206782084,366868.7071735865
2126,158126.5846769479,460148.36140991846
2127,174618.9442650294,508141.12781123555
2128,129387.82720826613,376518.5771760545
2129,66299.96375923138,192932.89453936333
2130,136106.39888185542,396069.6207461993
2131,139458.59820669563,405824.5207814843
2132,104562.55934593175,304277.0476966614
2133,114061.05702327937,331917.675937743
2134,125001.75807863381,363755.1160088244
2135,117244.89008441241,341182.63014564017
2136,63236.58417147491,184018.459938992
2137,102445.6989543261,298116.98395708896
2138,132909.55054596858,386766.79208876856
2139,138976.517324551,404421.6654144435
2140,144363.399281614,420097.4919094967
2141,163305.52366556972,475219.0738668079
2142,126421.77715663984,367887.371525822
2143,156671.5414411337,455914.1855936991
2144,188364.8673938485,548141.7641160991
2145,142234.7137470115,413903.01700380346
2146,189323.96450749738,550932.7367168174
2147,158779.07735013496,462047.11508889275
2148,113813.5016031214,331197.2896650833
2149,137846.44685734622,401133.16035487753
2150,232997.23498088168,678021.9537943657
2151,122592.55444147205,356744.33342468366
2152,215901.61790576112,628273.7081057649
2153,188800.1974703176,549408.5746386242
2154,99769.17596669076,290328.3020630701
2155,135169.57161225146,393343.45339165174
2156,269026.5453420752,782867.2469454388
2157,236548.8555642292,688357.169691907
2158,238468.86785131833,693944.4054473364
2159,211774.08482029755,616262.5868270659
2160,183874.5246043452,535074.8665986445
2161,227551.3482933403,662174.4235336203
2162,383116.2040415937,1114868.1537610379
2163,360759.4893873492,1049810.1141171863
2164,246711.69215339934,717931.0241663922
2165,206599.55285631027,601204.698811863
2166,158693.8617615695,461799.1377261673
2167,229024.08564825403,666460.0892364193
2168,200324.83415612485,582945.2673943234
2169,191077.6433270448,556035.9420817003
2170,220605.54144003382,641962.1255904984
2171,157841.8983679344,459319.9242506891
2172,135647.8283325648,394735.1804477636
2173,190972.12029293273,555728.8700524343
2174,224120.3849381446,652190.3201700008
2175,271154.5367643256,789059.7019841875
2176,311476.4269560538,906396.4024421166
2177,244763.47813912248,712261.7213848465
2178,209268.0770093766,608970.1040972859
2179,131268.9901290713,381992.76127559744
2180,223951.4209112879,651698.6348518478
2181,191982.36456233263,558668.680876388
2182,222103.4363266076,646320.9997104282
2183,189377.94508113153,551089.8201860928
2184,123456.10526980832,359257.26633514225
2185,107576.03993118322,313046.27619974315
2186,164066.17732078023,477432.5760034705
2187,144720.6079296572,421136.96907530254
2188,152388.77670139074,443451.3402010471
2189,281122.3308577663,818065.9827961001
2190,86227.99593697209,250923.4681765888
2191,45226.65191190038,131609.5570636301
2192,76604.13071314711,222918.02037525811
2193,133994.7275666059,389924.6572188232
2194,95869.5545944646,278980.403869892
2195,84669.61565176211,246388.58154662777
2196,104073.37160312291,302853.5113650877
2197,123179.63016371522,358452.7237764113
2198,155373.47493456444,452136.81205958256
2199,174592.1007360872,508063.01314201375
2200,150771.85840130365,438746.1079477936
2201,147704.58155728923,429820.33233171166
2202,204382.25149332313,594752.3518455704
2203,138434.0167824393,402842.9888368984
2204,189664.23756006826,551922.9312997987
2205,135555.23633737955,394465.73774177453
2206,146401.03541783988,426027.0130659141
2207,261496.0912022083,760953.6253984262
2208,247520.73809856782,720285.3478668324
2209,271634.6602301742,790456.861269807
2210,126816.97464093845,369037.3962051309
2211,119686.3473659628,348287.2708349518
2212,122812.96362227947,357385.72414083325
2213,102314.70713952277,297735.7977760113
2214,125733.50237831753,365884.491920904
2215,96130.33241766365,279739.26733540127
2216,153711.03099149838,447299.1001852603
2217,95225.20046197157,277105.3333443373
2218,50521.84770768322,147018.57682935818
2219,41555.00043728482,120925.05127249884
2220,27396.440877182875,79723.64295260217
2221,347633.9816212263,1011614.8865177686
2222,300047.6045466396,873138.5292307213
2223,285486.9785301876,830767.1075228461
2224,205923.3141911449,599236.8442962316
2225,109970.69945313502,320014.73540862295
2226,189993.839049879,552882.0716351479
2227,182113.589639368,529950.5458505609
2228,288040.0185362459,838196.4539404757
2229,251838.21111756423,732849.194352112
2230,153983.70725241723,448092.58810453414
2231,217100.99608363584,631763.8986033803
2232,186188.53022184176,541808.6229455596
2233,186153.47973895865,541706.6260403697
2234,243172.54453580175,707632.1045991831
2235,228757.69350646995,665684.8881038276
2236,253913.72611943446,738888.9430075543
2237,309255.24728590436,899932.7696019817
2238,204190.69788755663,594194.9308527898
2239,118546.79503003415,344971.1735373994
2240,149406.44485695055,434772.75453372614
2241,131568.52267485205,382864.4009838195
2242,123710.20750708552,359996.7038456189
2243,121722.63963895384,354212.8813493557
2244,98417.783432147,286395.7497875478
2245,115904.51931077521,337282.15119435586
2246,133268.5156047414,387811.38040979754
2247,128866.06778727379,375000.25726096675
2248,122039.93294351781,355136.2048656368
2249,111782.01306409156,325285.65801650647
2250,123819.55459433328,360314.9038695099
2251,101367.9353006715,294980.69172495406
2252,194321.11617077515,565474.4480569557
2253,163864.0381579902,476844.3510397515
2254,181180.4770919662,527235.1883376216
2255,188814.41447046865,549449.9461090638
2256,168210.31394871138,489492.01359075017
2257,214078.25545312464,622967.7233685928
2258,149526.88518285332,435123.2358821032
2259,179722.2555526551,522991.76365822635
2260,164844.85913094226,479698.540071042
2261,214031.25129868556,622830.941279175
2262,247802.81148245418,721106.1814139417
2263,376680.64969439246,1096140.6906106821
2264,489773.01017022226,1425239.4595953468
2265,159323.20650119614,463630.53091848077
2266,325686.04857304133,947746.4013475503
2267,403848.65366389276,1175199.582161928
2268,483443.6991780717,1406821.1646081887
2269,148249.1200909079,431404.939464542
2270,183523.06090997532,534052.1072480282
2271,214117.91037787683,623083.1191996216
2272,189933.70438031666,552707.0797467215
2273,150844.48794549657,438957.45992139506
2274,182118.32545287954,529964.3270678795
2275,178394.16034308402,519127.0065983745
2276,203063.34205097193,590914.3253683284
2277,188096.2730541653,547360.1545876211
2278,151800.47941286303,441739.39509143145
2279,129567.87909035617,377042.5281529365
2280,106295.33516735956,309319.42533701635
2281,142158.8902439382,413682.37060986017
2282,162764.95853018342,473646.02932283375
2283,116025.77937571332,337635.01798332576
2284,120945.32352577802,351950.89146001404
2285,149190.33895997563,434143.8863735291
2286,118509.73035332188,344863.3153281667
2287,385516.7964366358,1121853.8776306103
2288,300811.55657705944,875361.629639243
2289,349967.7488792781,1018406.1492386992
2290,446702.0419327677,1299902.9420243541
2291,345446.51813353086,1005249.3677685749
2292,421012.47525853897,1225146.3030023484
2293,462817.4810083099,1346798.8697341818
2294,390454.2818185496,1136221.9600919795
2295,477507.4810469579,1389546.7698466475
2296,283497.05879761884,824976.4411010708
2297,379068.8460136121,1103090.3418996113
2298,377424.49005712476,1098305.2660662332
2299,349882.8601630898,1018159.1230745914
2300,332258.3894025325,966871.9131613696
2301,326379.7737900354,949765.141729003
2302,265137.1890894775,771549.2202503796
2303,249743.60940722656,726753.9033750293
2304,261614.7426885995,761298.9012238246
2305,211032.56501225522,614104.7641856627
2306,201085.79163040966,585159.6536444922
2307,200476.71673308266,583387.2456932706
2308,227923.5382727678,663257.4963737543
2309,302876.27294154186,881369.9542598869
2310,209183.42164641432,608723.7569910657
2311,211471.77688668622,615382.870740257
2312,191435.54390492197,557077.432763323
2313,168601.21037948132,490629.52220429067
2314,187633.71064949734,546014.0979900373
2315,181259.74190693023,527465.848949167
2316,194445.42982804868,565836.2007996216
2317,194648.8967378037,566428.2895070089
2318,180944.6793197859,526549.016820577
2319,185898.36053696228,540964.2291625603
2320,184054.74933412997,535599.3205623182
2321,235790.0065804175,686148.919149015
2322,200865.61154617928,584518.9295993818
2323,199362.1011595386,580143.7143742574
2324,172874.26229118602,503064.10326735134
2325,210491.22154281102,612529.4546895801
2326,171410.52520490484,498804.6283462731
2327,194901.74630925478,567164.0817599314
2328,214965.2108283206,625548.763510413
2329,189925.26045362465,552682.5079200477
2330,183232.40263399016,533206.2916649114
2331,333271.61026711063,969820.385877292
2332,381111.30340552283,1109033.8929100714
2333,314707.83651703503,915799.804264572
2334,267362.4510867004,778024.7326622983
2335,291695.87044854555,848834.9830052676
2336,319143.56105907727,928707.762681915
2337,200201.0673840386,582585.1060875523
2338,255393.08049554378,743193.8642420324
2339,212268.66201102268,617701.8064520761
2340,399459.3673486947,1162426.7589847017
2341,209769.3956304714,610428.9412846718
2342,224295.84341350058,652700.9043332867
2343,221318.8818903924,644037.9463010419
2344,213497.04039962357,621276.3875629046
2345,225998.8904811521,657656.7713001526
2346,216960.35175532615,631354.6236079992
2347,208754.29873922793,607475.0093311534
2348,246775.1906346539,718115.804746843
2349,205727.70630032383,598667.6253339424
2350,309225.0777426101,899844.9762309955
2351,286397.43116337573,833416.5246854235
2352,240266.42924734997,699175.3091097884
2353,255490.95295632444,743478.6731029041
2354,166599.01167472545,484803.1239734511
2355,152386.5209334409,443444.775916313
2356,142531.58494315064,414766.91218456835
2357,190194.3044578638,553465.4259723837
2358,193875.41714906925,564177.4639037915
2359,120788.79835661547,351495.40321775107
2360,113382.10662226239,329941.9302707836
2361,156096.6137781944,454241.1460945458
2362,274753.1520064743,799531.6723388403
2363,135147.59670807095,393279.5064204865
2364,159848.59205763694,465159.4028877235
2365,198239.2763111405,576876.2940654189
2366,185775.01763217058,540605.3013096164
2367,209593.40320313675,609916.803321128
2368,216826.9913542997,630966.5448410122
2369,213300.7415078925,620705.1577879672
2370,171921.34678341635,500291.1191397416
2371,161074.23742902325,468726.0309184577
2372,201493.0055689374,586344.6462056078
2373,291514.64999018563,848307.6314714402
2374,322486.6082017068,938436.0298669668
2375,253332.79360777,737198.4293986107
2376,294811.9078866015,857902.6519500104
2377,355595.62751052156,1034783.2760556178
2378,151685.47748975968,441404.7394952007
2379,218752.8226331598,636570.713862495
2380,146300.67088191258,425734.95226636564
2381,174934.6562629058,509059.8497250559
2382,197322.81726840464,574209.3982510575
2383,193066.8273055381,561824.4674591159
2384,232312.5906969281,676029.6389280608
2385,146844.0268360651,427316.1180929495
2386,132248.9382161824,384844.4102090908
2387,125145.34278081218,364172.94749216345
2388,93633.34633331653,272473.0378299511
2389,102602.81585406745,298574.19413533626
2390,157083.56156593934,457113.1641568835
2391,141765.99060561694,412539.03266234533
2392,115674.40349486843,336612.51417006715
2393,174613.9253597171,508126.5227967768
2394,142848.13493510056,415688.0726611427
2395,213416.00356591027,621040.570376799
2396,131758.9097463931,383418.42736200395
2397,216837.21328905039,630996.2906711367
2398,133265.77510641655,387803.40555967216
2399,70252.10010858905,204433.61131599415
2400,66749.96618369035,194242.40159453894
2401,146973.97148070158,427694.2570088416
2402,131602.3800948877,382962.9260761232
2403,142427.9596881857,414465.36269262043
2404,141324.1654129061,411253.32135155675
2405,149826.1033211099,435993.9606644298
2406,145719.08440684527,424042.53562391974
2407,125496.07933554426,365193.5908664338
2408,121852.82455035066,354591.71944152046
2409,105884.4686540938,308123.80378341296
2410,182188.3992532394,530168.2418269267
2411,113712.57668442512,330903.5981516771
2412,156744.2858412722,456125.87179810216
2413,121207.06802219339,352712.5679445828
2414,162600.62152413093,473167.80863522104
2415,128799.77339618886,374807.3405829096
2416,129681.6853764439,377373.7044454518
2417,134691.69488787558,391952.83212371793
2418,136756.23824741086,397960.6532999656
2419,130533.61697606882,379852.8254003603
2420,126609.80934836715,368434.54520374845
2421,2460393.28280812,7159744.452971629
2422,99984.61602788139,290955.2326411349
2423,117640.27774870023,342333.2082487177
2424,149803.70570847858,435928.7836116727
2425,214772.2875375729,624987.3567343372
2426,129463.8266332685,376739.7355028114
2427,127461.77083210228,370913.75312141766
2428,190578.38369835867,554583.0965622237
2429,95315.80746146664,277368.99971286795
2430,127834.1071265568,371997.2517382803
2431,96154.77109061275,279810.3838736831
2432,159447.54811666813,463992.3650195043
2433,164695.65795655735,479264.3646535819
2434,152226.20689890487,442978.2620758132
2435,183273.40292671183,533325.6025167315
2436,107659.10855833394,313288.0059047518
2437,93782.92901467066,272908.3234326916
2438,110171.79670596262,320599.92841435125
2439,91346.35444660764,265817.89143962826
2440,128168.54589228006,372970.468546535
2441,101443.40868630866,295200.3192771582
2442,92453.40920814825,269039.42079571146
2443,130731.42622484034,380428.4503142854
2444,129418.59242620924,376608.1039602689
2445,75410.6745040426,219445.06280676398
2446,134003.339142452,389949.7169045353
2447,186229.32528138068,541927.3365688178
2448,137745.77834562026,400840.214985755
2449,107602.11032581935,313122.1410481343
2450,154951.16960691102,450907.9035561111
2451,124466.98503720434,362198.92645826464
2452,211375.4421453704,615102.5366430279
2453,91301.24575460237,265686.6251458929
2454,108463.5864182841,315629.03647720674
2455,115827.23363799695,337057.24988657114
2456,176600.66125527164,513907.9242528405
2457,159759.27535528783,464899.4912838876
2458,141764.56662429636,412534.88887670246
2459,125198.64754027873,364328.0643422111
2460,142166.32247810392,413703.99841128243
2461,132844.32316753175,386576.9804175174
2462,132073.58351503545,384334.1280287532
2463,127260.49390720949,370328.0372699796
2464,194631.29712421494,566377.0746314655
2465,143806.93181426357,418478.171579507
2466,123572.3991796067,359595.6816126555
2467,106799.11618271284,310785.42809169437
2468,90957.52765271021,264686.4054693867
2469,97586.23820117535,283975.9531654203
2470,204624.72244902607,595457.9423266659
2471,223308.48408560222,649827.6886891025
2472,176374.40336721996,513249.51379861013
2473,130375.86522403965,379393.7678019554
2474,51304.77919168724,149296.90744780988
2475,216977.5739719402,631404.7402583461
2476,112752.73022232484,328110.4449469653
2477,120359.1051539504,350244.99599799566
2478,155770.08160563512,453290.9374723982
2479,107128.34335995791,311743.47917747754
2480,157339.08624526532,457856.74097372213
2481,125507.1611741716,365225.8390168394
2482,103045.46958163474,299862.3164825571
2483,99880.80164984334,290653.13280104415
2484,125200.4006234142,364333.16581413534
2485,127598.5035698521,371311.6453882696
2486,172359.73123748973,501566.81790109514
2487,183188.99263877235,533079.9685788276
2488,165419.2684267154,481370.07112174184
2489,160901.32812262885,468222.86483684997
2490,146766.73005503742,427091.1844601589
2491,73732.54018716514,214561.69194465058
2492,181495.673563445,528152.4100696249
2493,135889.9034764138,395439.61911636416
2494,142670.0032749893,415169.7095302189
2495,67423.43307019956,196202.19023428074
2496,210919.06717798952,613774.4854879496
2497,160888.80755599076,468186.42998793314
2498,121306.14004253224,353000.8675237688
2499,85275.11651881738,248150.58906975857
2500,108865.58213603403,316798.84401585907
2501,143861.19950137148,418636.090548991
2502,152815.15186739387,444692.0919341162
2503,93163.00682626152,271104.34986442106
2504,3018495.9238876603,8783823.138513092
2505,228900.31798046269,666099.9253231464
2506,250049.86126572452,727645.0962832584
2507,278021.21454765694,809041.7343336818
2508,247260.65730932495,719528.5127701357
2509,212106.80532966508,617230.8035093254
2510,208433.97675955994,606542.8723703194
2511,175007.54722085455,509271.9624126868
2512,214945.10751059325,625490.2628558264
2513,217277.9119626903,632278.7238114288
2514,254853.36788359517,741623.300541262
2515,170754.85141180642,496896.6176083567
2516,173376.27836968005,504524.97005576896
2517,155585.3568168683,452753.38833708677
2518,146738.98380559823,427010.44287429086
2519,250050.3036698834,727646.3836793607
2520,223089.60152072925,649190.7404253222
2521,185761.61847743765,540566.3097693436
2522,219871.75652120262,639826.8114766997
2523,116773.99059731374,339812.312638183
2524,133009.952163456,387058.960795657
2525,169009.2919637072,491817.03961438796
2526,166706.95248627476,485117.2317350596
2527,122345.56515989173,356025.59461528494
2528,145834.53052768763,424378.48383557104
2529,7286.755170892458,21204.457547297054
2530,128199.95399009809,373061.86611118546
2531,266085.1153848106,774307.6857697989
2532,220078.22668527253,640427.6396541431
2533,197081.65996495448,573507.6304980175
2534,242870.86908626556,706754.2290410328
2535,279313.66146693146,812802.7548687706
2536,233260.713206355,678788.6754304931
2537,257517.66156266443,749376.3951473535
2538,187829.68734409893,546584.3901713279
2539,184668.42405455606,537385.1139987581
2540,183547.1742053423,534122.2769375461
2541,173987.45266039995,506303.4872417639
2542,159521.65396678913,464208.0130433564
2543,108692.20668182569,316294.32144411275
2544,112737.94718202855,328067.42629970313
2545,132748.25868657138,386297.4327779227
2546,119477.36932727788,347679.1447423786
2547,140661.3973115366,409324.6661765715
2548,148673.57850144105,432640.11343919346
2549,150332.622929594,437467.9327251186
2550,723194.5734122642,2104496.208629689
2551,133737.62130754394,389176.4780049529
2552,137527.103479899,400203.8711265061
2553,70913.68847165955,206358.8334525293
2554,78008.3460909184,227004.28712457258
2555,106532.30795527017,310009.0161498362
2556,91286.52576072514,265643.7899637102
2557,103545.42775876261,301317.1947779992
2558,167996.8360542059,488870.7929177392
2559,147801.2525595976,430101.644948429
2560,161554.93539124075,470124.8619885106
2561,151855.64996813098,441899.9414072612
2562,155525.4294595155,452578.9997271901
2563,164008.04626525892,477263.41463190346
2564,187196.89379175426,544742.960934005
2565,166396.52635190403,484213.8916840408
2566,182882.09914468788,532186.9085110418
2567,139052.22924022423,404641.9870890525
2568,225338.8025015383,655735.9152794764
2569,250185.05830421625,728038.5196652693
2570,120863.76225184556,351713.5481528706
2571,206314.8249722193,600376.1406691582
2572,166185.5596125666,483599.97847256885
2573,232202.95930306148,675710.6115719089
2574,-1591078.0635178587,-4630037.164836969
2575,135892.13162769098,395446.1030365808
2576,196642.86176797329,572230.7277448023
2577,177119.9290620112,515418.99357045256
2578,69901.84812975768,203414.37805759485
2579,36557.085424082354,106381.11858407965
2580,99778.82097488642,290356.3690369195
2581,117424.10770919174,341704.153433748
2582,112378.921590738,327022.6618290476
2583,287636.5179339559,837022.2671878117
2584,178781.84031187603,520255.1553075593
2585,176942.065673911,514901.4111110811
2586,216025.2309233821,628633.421987042
2587,208511.3723698412,606768.093596238
2588,141129.8513207268,410687.867343315
2589,139822.84238364547,406884.47133640834
2590,191695.05318191973,557832.6047593865
2591,223446.318837462,650228.7878170144
2592,223894.23302816646,651532.2181119644
2593,247818.48446211405,721151.789784752
2594,177699.65661231847,517106.0007418468
2595,211372.44671875937,615093.8199515898
2596,284601.0451554945,828189.041402489
2597,201154.58785316814,585359.8506527193
2598,272559.1427931129,793147.1055279586
2599,405688.585111978,1180553.782675856
2600,3706032.4672275116,10784554.47963206
2601,107794.77523137257,313682.7959232942
2602,68257.05786465155,198628.03838613603
2603,89042.2078018859,259112.824703488
2604,86205.22033303278,250857.19116912538
2605,67221.3294140352,195614.06859484242
2606,135401.71253834013,394018.9834865698
2607,212137.889489152,617321.2584134324
2608,185208.81324300217,538957.6465371363
2609,148506.4523536656,432153.77634916693
2610,103611.32226193463,301508.9477822298
2611,220438.07491276786,641474.7979961545
2612,159071.14497691067,462897.03188281006
2613,121125.09009189717,352474.0121674208
2614,108998.95506470231,317186.95923828374
2615,150855.8370724516,438990.48588083417
2616,152060.91839966923,442497.2725430375
2617,214901.4448245666,625363.2044394888
2618,197078.11046629818,573497.3014569278
2619,208474.47689936636,606660.7277771562
2620,189509.4554421343,551472.5153366108
2621,180651.64178510802,525696.2775946644
2622,183324.77012357814,533475.0810596125
2623,241026.36282513104,701386.7158211314
2624,293128.1213844633,853002.8332287882
2625,313491.09820630867,912259.0957803583
2626,173858.68499824544,505928.7733448943
2627,181966.63466061698,529522.9068623955
2628,473554.8475604011,1378044.606400767
2629,507962.34900873154,1478170.435615409
2630,386739.0863383785,1125410.7412446814
2631,469333.84288852336,1365761.482805603
2632,415716.06244680146,1209733.7417201924
2633,323083.2860179697,940172.3623122919
2634,437535.64819234377,1273228.7362397204
2635,132075.52973639267,384339.7915329027
2636,166262.95610959874,483825.2022789324
2637,194654.5340404869,566444.6940578169
2638,268859.28338974295,782380.514664152
2639,181200.0793723152,527292.2309734373
2640,151072.30725147063,439620.4141017796
2641,97921.76810766943,284952.34519331803
2642,167571.3366424609,487632.58962956123
2643,109924.21880969498,319879.47673621244
2644,104941.80940197594,305380.66535975004
2645,108675.44297282444,316245.5390509191
2646,96100.65139237465,279652.8955518103
2647,101663.73773514153,295841.4768092619
2648,145929.31963459356,424654.3201366673
2649,148159.08439024305,431142.9355756073
2650,130515.82082550321,379801.03860221436
2651,133331.29066346213,387994.0558306748
2652,380527.94784989255,1107336.3282431874
2653,258254.04451685539,751519.2695440492
2654,279794.7880704156,814202.8332849095
2655,425186.41123950854,1237292.45670697
2656,320249.2017755881,931925.1771669614
2657,367271.82928135945,1068761.023208756
2658,329816.60997655103,959766.3350317635
2659,322729.1115836352,939141.7147083785
2660,356814.63610437186,1038330.5910637222
2661,378063.248874045,1100164.0542234709
2662,389361.4945301381,1133041.949082702
2663,280793.20615418395,817108.2299086753
2664,294927.47278929176,858238.9458168391
2665,320548.74900778756,932796.8596126619
2666,297426.95042564487,865512.4257386266
2667,182013.33070689812,529658.7923570735
2668,188505.44596339203,548550.8477534709
2669,186984.25498499768,544124.1820063433
2670,264083.67640721705,768483.4983450016
2671,187497.62596201943,545618.0915494766
2672,192281.82156844903,559540.1007641867
2673,199122.43244903395,579446.2784266889
2674,200205.39010375505,582597.6852019272
2675,188001.94245740306,547085.652551043
2676,182917.16687185224,532288.9555970901
2677,203746.40660110675,592902.0432092206
2678,224502.33195439354,653301.7859872852
2679,274618.8222905649,799140.7728655438
2680,285772.4492676989,831597.8273690039
2681,398086.1707036998,1158430.7567477664
2682,306995.496213289,893356.893980671
2683,473226.86827122094,1377090.186669253
2684,311076.511630198,905232.6488438762
2685,320123.20754438266,931558.5339541535
2686,255115.56385084614,742386.2908059623
2687,307593.6158428872,895097.4221028019
2688,211046.8363641142,614146.2938195723
2689,213867.77703074226,622355.23115946
2690,379253.0769997807,1103626.454069362
2691,201066.33335513575,585103.0300634451
2692,160712.99706581654,467674.82146152615
2693,205523.53014536854,598073.4727230225
2694,143742.1782072368,418289.7385830591
2695,194815.98704681592,566914.5223062343
2696,179878.97180453315,523447.8079511915
2697,188666.99391955184,549020.9523058959
2698,214488.21748909727,624160.7128932731
2699,161479.18896642374,469904.4398922931
2700,134438.23750791047,391215.27114801947
2701,124895.72699103784,363446.56554392015
2702,86731.9458992267,252389.96256674972
2703,108325.00441112928,315225.7628363862
2704,143356.90113349492,417168.58229847025
2705,128968.43359282566,375298.1417551227
2706,79478.5681897495,231282.63343217105
2707,94109.22974033793,273857.85854438343
2708,146064.7725160797,425048.48802179197
2709,115812.9907070212,337015.8029574317
2710,130317.88957661763,379225.0586679573
2711,721125.9081847048,2098476.392817491
2712,408557.23059247155,1188901.5410240924
2713,164040.31555174477,477357.3182555773
2714,145605.20068732463,423711.1340001147
2715,173305.72108372347,504319.64835363533
2716,126692.37411111454,368674.8086633433
2717,192219.85205176938,559359.769470649
2718,220725.35130591737,642310.7723002196
2719,159442.7401755713,463978.3739109125
2720,173734.1567186648,505566.3960513146
2721,123376.87972792238,359026.72000825417
2722,157491.00172035024,458298.8150062192
2723,134931.73635157524,392651.352783084
2724,119551.80536746373,347895.75361931947
2725,120217.30036132177,349832.34405144636
2726,154744.03607845586,450305.14498830657
2727,190634.0036317627,554744.9505684294
2728,165461.18719667615,481492.05474232766
2729,141263.9440389159,411078.07715324534
2730,147042.57082637865,427893.8811047619
2731,121331.30199323036,353074.0888003004
2732,142568.6866155602,414874.8780512802
2733,154523.68684735894,449663.92872581456
2734,132709.17001764197,386183.68475133815
2735,134846.91320311558,392404.51742106635
2736,130336.98516925424,379280.62684252986
2737,123161.27169735497,358399.300639303
2738,121530.54466616176,353653.88497853075
2739,149200.94835966174,434174.7597266157
2740,133052.8448466733,387183.77850381937
2741,150870.1497824234,439032.1358668521
2742,151427.75756097957,440654.7745024506
2743,164248.10724821687,477961.9920923111
2744,165814.81754193502,482521.1190470309
2745,143151.40931296302,416570.6011007224
2746,140277.4717060402,408207.442664577
2747,137071.4963822714,398878.0544724098
2748,105844.85484029911,308008.52758527047
2749,129294.99545212137,376248.4367656732
2750,113183.56173105538,329364.16463737114
2751,131459.8262075456,382548.0942639577
2752,179755.26701385016,523087.82701030397
2753,158055.90461233305,459942.6824218892
2754,251530.34549973905,731953.3054042407
2755,137447.6624693824,399972.69778590277
2756,94371.97174753994,274622.43778534123
2757,52275.04185345955,152120.3717935673
2758,81726.68327127537,237824.64831941132
2759,161324.42494244454,469454.07658251363
2760,135961.48189965077,395647.91232798377
2761,141788.0234673964,412603.1482901235
2762,132920.1292583635,386797.5761418378
2763,186631.45052143047,543097.5210173627
2764,125850.76682198001,366225.73145196185
2765,273487.6638136017,795849.101697581
2766,154962.55458095763,450941.0338305867
2767,76402.05380648468,222329.97657687042
2768,130425.23559952201,379537.43559460907
2769,151645.0168495439,441286.9990321728
2770,134922.0358293117,392623.12426329707
2771,92974.93012205977,270557.04665519396
2772,101760.65883534169,296123.5172108443
2773,186079.20447007753,541490.4850079257
2774,156046.00550380116,454093.8760160614
2775,126274.28130751802,367458.1586048774
2776,142796.0036793612,415536.3707069411
2777,163375.00470082508,475421.263679401
2778,114842.57788713975,334191.9016515767
2779,127684.42289178493,371561.67061509413
2780,89695.34343815455,261013.44940502977
2781,103721.1664321525,301828.5943175638
2782,93447.99207148375,271933.65692801774
2783,97451.7595649641,283584.62033404555
2784,129457.3498113039,376720.88795089436
2785,141730.05633512698,412434.4639352195
2786,56223.32624450745,163609.8793715167
2787,126278.51586971804,367470.4811808795
2788,70894.12042211602,206301.8904283576
2789,169771.4358267635,494034.87825588183
2790,81640.64995090337,237574.29135712882
2791,91988.21107733669,267685.69423504977
2792,63929.77857794985,186035.65566183408
2793,171782.5311588985,499887.1656723946
2794,90099.61232194956,262189.8718568732
2795,126416.08329589758,367870.80239106197
2796,101474.73130765324,295291.46810527093
2797,259665.79540614178,755627.4646318726
2798,121854.96555804089,354597.949773899
2799,105246.60864509502,306267.6311572265
2800,58620.34809367964,170585.21295260775
2801,104475.98608466238,304025.11950636754
2802,128389.70222636731,373614.0334787289
2803,191140.4388108775,556218.6769396536
2804,110057.68901133584,320267.8750229873
2805,98317.10667696688,286102.7804299736
2806,64347.1624734248,187250.2427976662
2807,240312.12582862377,699308.2861612953
2808,157776.9465474449,459130.91445306473
2809,125013.53138610907,363789.3763335774
2810,121316.45156040834,353030.8740407883
2811,169427.09626675583,493032.8501362595
2812,183775.71636620536,534787.3346256576
2813,150366.30450720806,437565.94611597544
2814,155927.59890045784,453749.3128003323
2815,116754.64339224529,339756.0122714338
2816,223934.206974654,651648.5422962431
2817,158183.2062679124,460313.1302396251
2818,133581.15042786254,388721.14774508
2819,175460.93934393395,510591.3334908478
2820,133540.46827128064,388602.7626694267
2821,108488.56372151617,315701.7204296121
2822,153747.57521061553,447405.44386289123
2823,337973.0918982262,983501.6974238382
2824,185478.27731249668,539741.7869793654
2825,141803.32198379515,412647.6669728439
2826,134679.0300352578,391915.9774026002
2827,132540.30485807732,385692.287137005
2828,238381.1424794239,693689.1246151236
2829,195201.2564200987,568035.6561824873
2830,235019.55322165554,683906.8998750177
2831,183039.03554894682,532643.5934474353
2832,248844.47140450962,724137.4117871231
2833,313645.70821556123,912709.0109072832
2834,235927.12916194694,686547.9458612656
2835,226352.2199571752,658684.9600753798
2836,196975.9589965595,573200.0406799881
2837,151213.5963743762,440031.5654494348
2838,149844.33604378346,436047.0178874099
2839,172341.04231517157,501512.43313714926
2840,211362.108765475,615063.7365075322
2841,199358.88127654605,580134.344514749
2842,223363.12627780065,649986.6974683999
2843,150897.97400063416,439113.10434184544
2844,173698.16528265597,505461.6609725289
2845,122393.92165685445,356166.3120214465
2846,206008.81478828052,599485.6510338964
2847,221534.24785631383,644664.6612618733
2848,219860.7380168382,639794.7476289992
2849,198262.63791994797,576944.2763470486
2850,263165.7067787945,765812.2067262921
2851,211829.00299098995,616422.3987037807
2852,226199.5755887241,658240.7649631872
2853,227601.25246846024,662319.6446832194
2854,134938.5200095009,392671.09322764765
2855,205967.11437261757,599364.3028243171
2856,200064.10285062296,582186.5392953128
2857,189671.85192405432,551945.0890989981
2858,211959.41808512155,616801.9066277037
2859,80930.50843649032,235507.77955018682
2860,157287.98327484308,457708.0313297934
2861,135003.09930499317,392859.0189775301
2862,197962.35048210155,576070.4399029155
2863,154839.96603868622,450584.3011725769
2864,255378.98983357986,743152.8604157175
2865,139064.80825370736,404678.59201828844
2866,135792.97669247445,395157.56217510067
2867,93822.2750206124,273022.8203099821
2868,98329.10234183026,286137.6878147261
2869,96874.85639253631,281905.8321022807
2870,94728.84862672584,275660.9495037722
2871,83630.83382239472,243365.72642316864
2872,33073.243013950996,96243.1371705974
2873,86774.59893536055,252514.08290189924
2874,156625.17301587574,455779.2534761984
2875,122478.07235187804,356411.19054396515
2876,170902.9827839285,497327.679901232
2877,157666.83704200294,458810.49579222855
2878,177734.0387248015,517206.0526891724
2879,141572.2669176045,411975.2967302291
2880,104028.61773567088,302723.27761080227
2881,141308.1969330334,411206.85307512723
2882,201352.26580269262,585935.0934858356
2883,197615.8071618704,575061.998841043
2884,179574.90833559912,522562.98325659346
2885,176416.58943812037,513372.2752649303
2886,248963.94735331694,724485.0867981523
2887,102027.03499594051,296898.6718381869
2888,141167.98275533086,410798.82981801283
2889,34240.40281818295,99639.57220091239
2890,80090.85540441098,233064.38922683595
2891,149265.75057769194,434363.3341810836
2892,6750.925341164693,19645.19274278926
2893,61104.54431657912,177814.22396124524
2894,15883.412153836805,46220.7293676651
2895,342252.34694546973,995954.329611317
2896,289514.3531626067,842486.7677031856
2897,221541.00697282888,644684.3302909321
2898,120357.21651451942,350239.50005725154
2899,203746.3862531418,592901.9839966426
2900,158123.37595951185,460139.0240421795
2901,247611.719524784,720550.1038171215
2902,162865.28746890416,473937.98653451115
2903,305950.3543025297,890315.5310203615
2904,348492.6662925058,1014113.658911192
2905,67164.85688432073,195449.73353337334
2906,186778.54817561153,543525.5751910296
2907,104657.8011058867,304554.2012181303
2908,108956.20641420642,317062.5606653407
2909,120086.06614579028,349450.4524842497
2910,69499.85925594158,202244.59043479
2911,70208.95512175001,204308.05940429255
2912,147134.48344965326,428161.346838491
2913,79264.0202538427,230658.29893868224
2914,65463.86641898984,190499.85127926045
2915,79713.77303438447,231967.07953005884
2916,85391.24854951259,248488.53327908163
2917,178526.73060616571,519512.78606394224
2918,120801.35682131024,351531.9483500128
2919,217658.18482372584,633385.3178370423
